{
	"class_name" : "PinholeCameraParameters",
	"extrinsic" : 
	[
		-0.96198593503923224,
		0.042857835649990197,
		-0.26971515847295752,
		0.0,
		-0.12250068763720229,
		-0.95039668581542625,
		0.28590159341890148,
		0.0,
		-0.24408326922406365,
		0.30807360405340262,
		0.91951835880010613,
		0.0,
		89.967631505811255,
		-54.205937391648966,
		114.90375929321905,
		1.0
	],
	"intrinsic" : 
	{
		"height" : 1016,
		"intrinsic_matrix" : 
		[
			879.88181024498977,
			0.0,
			0.0,
			0.0,
			879.88181024498977,
			0.0,
			924.5,
			507.5,
			1.0
		],
		"width" : 1850
	},
	"version_major" : 1,
	"version_minor" : 0
}