{
	"class_name" : "PinholeCameraParameters",
	"extrinsic" : 
	[
		-0.85544792670488323,
		-0.13666926403911625,
		0.49953013619132458,
		0.0,
		0.10185518270270646,
		-0.99011134985575999,
		-0.096462617854810806,
		0.0,
		0.50777393242752744,
		-0.031639013161148144,
		0.86090917429963165,
		0.0,
		-253.63307924755003,
		15.803687073993487,
		1121.8933910190485,
		1.0
	],
	"intrinsic" : 
	{
		"height" : 1055,
		"intrinsic_matrix" : 
		[
			913.65680099258282,
			0.0,
			0.0,
			0.0,
			913.65680099258282,
			0.0,
			959.5,
			527.0,
			1.0
		],
		"width" : 1920
	},
	"version_major" : 1,
	"version_minor" : 0
}