{
    "batchName": "",
    "batchTime": 1666184614,
    "boardConf": "nIR-C00M00-00",
    "boardCustom": "",
    "boardName": "DM9095",
    "boardOptions": 0,
    "boardRev": "R3M2E4",
    "cameraData": [
        [
            2,
            {
                "cameraType": 0,
                "distortionCoeff": [
                    13.762211799621582,
                    -126.9347915649414,
                    0.003166835056617856,
                    -0.0003412239602766931,
                    550.5478515625,
                    13.8475923538208,
                    -127.65084838867188,
                    552.4446411132813,
                    0.0,
                    0.0,
                    0.0,
                    0.0,
                    0.0,
                    0.0
                ],
                "extrinsics": {
                    "rotationMatrix": [
                        [
                            0.9999966025352478,
                            -0.0008796472102403641,
                            0.0024581458419561386
                        ],
                        [
                            0.000892916286829859,
                            0.9999850392341614,
                            -0.005402124486863613
                        ],
                        [
                            -0.002453356981277466,
                            0.0054043009877204895,
                            0.9999824166297913
                        ]
                    ],
                    "specTranslation": {
                        "x": 3.75,
                        "y": 0.0,
                        "z": 0.0
                    },
                    "toCameraSocket": 0,
                    "translation": {
                        "x": 3.6616036891937256,
                        "y": -0.02077263779938221,
                        "z": -0.22684848308563232
                    }
                },
                "height": 480,
                "intrinsicMatrix": [
                    [
                        451.1445007324219,
                        0.0,
                        320.2174987792969
                    ],
                    [
                        0.0,
                        451.1445007324219,
                        234.55496215820313
                    ],
                    [
                        0.0,
                        0.0,
                        1.0
                    ]
                ],
                "lensPosition": 0,
                "specHfovDeg": 72.9000015258789,
                "width": 640
            }
        ],
        [
            1,
            {
                "cameraType": 0,
                "distortionCoeff": [
                    -8.413414001464844,
                    24.5711612701416,
                    0.0002555461833253503,
                    -0.0010063702939078212,
                    -23.16693878173828,
                    -8.414921760559082,
                    24.578346252441406,
                    -23.175151824951172,
                    0.0,
                    0.0,
                    0.0,
                    0.0,
                    0.0,
                    0.0
                ],
                "extrinsics": {
                    "rotationMatrix": [
                        [
                            0.999666690826416,
                            -0.008609848096966743,
                            -0.024337660521268845
                        ],
                        [
                            0.008833901956677437,
                            0.9999194741249084,
                            0.009113581851124763
                        ],
                        [
                            0.02425723522901535,
                            -0.009325540624558926,
                            0.9996622800827026
                        ]
                    ],
                    "specTranslation": {
                        "x": -7.5,
                        "y": 0.0,
                        "z": 0.0
                    },
                    "toCameraSocket": 2,
                    "translation": {
                        "x": -7.397777557373047,
                        "y": -0.07387782633304596,
                        "z": -0.09661180526018143
                    }
                },
                "height": 480,
                "intrinsicMatrix": [
                    [
                        454.07177734375,
                        0.0,
                        315.69805908203125
                    ],
                    [
                        0.0,
                        454.07177734375,
                        236.69241333007813
                    ],
                    [
                        0.0,
                        0.0,
                        1.0
                    ]
                ],
                "lensPosition": 0,
                "specHfovDeg": 72.9000015258789,
                "width": 640
            }
        ],
        [
            0,
            {
                "cameraType": 0,
                "distortionCoeff": [
                    -1.8720422983169556,
                    1.943757176399231,
                    0.0024829870089888573,
                    0.0017515788786113262,
                    35.42500305175781,
                    -1.9296095371246338,
                    1.9543050527572632,
                    35.41812515258789,
                    0.0,
                    0.0,
                    0.0,
                    0.0,
                    0.0,
                    0.0
                ],
                "extrinsics": {
                    "rotationMatrix": [
                        [
                            0.0,
                            0.0,
                            0.0
                        ],
                        [
                            0.0,
                            0.0,
                            0.0
                        ],
                        [
                            0.0,
                            0.0,
                            0.0
                        ]
                    ],
                    "specTranslation": {
                        "x": -0.0,
                        "y": -0.0,
                        "z": -0.0
                    },
                    "toCameraSocket": -1,
                    "translation": {
                        "x": 0.0,
                        "y": 0.0,
                        "z": 0.0
                    }
                },
                "height": 2160,
                "intrinsicMatrix": [
                    [
                        2988.32275390625,
                        0.0,
                        1961.3519287109375
                    ],
                    [
                        0.0,
                        2988.32275390625,
                        1073.4522705078125
                    ],
                    [
                        0.0,
                        0.0,
                        1.0
                    ]
                ],
                "lensPosition": 50,
                "specHfovDeg": 68.7938003540039,
                "width": 3840
            }
        ]
    ],
    "hardwareConf": "F0-FV00-BC000",
    "imuExtrinsics": {
        "rotationMatrix": [
            [
                0.0,
                0.0,
                0.0
            ],
            [
                0.0,
                0.0,
                0.0
            ],
            [
                0.0,
                0.0,
                0.0
            ]
        ],
        "specTranslation": {
            "x": 0.0,
            "y": 0.0,
            "z": 0.0
        },
        "toCameraSocket": -1,
        "translation": {
            "x": 0.0,
            "y": 0.0,
            "z": 0.0
        }
    },
    "miscellaneousData": [],
    "productName": "OAK-D Lite",
    "stereoRectificationData": {
        "leftCameraSocket": 1,